{"@t":"2018-11-13T12:29:09.7654479Z","@m":"Starting web host","@i":"4872fd06"}

{"@t":"2018-11-13T12:29:40.6762878Z","@m":"We got here....","@i":"82df1861"}

{"@t":"2018-11-13T12:29:54.9790168Z","@m":"An unhandled exception has occurred while executing the request.","@i":"48a46595","@l":"Error","@x":"System.Exception: Craziness!!!\r\n   at SimpleUI.Controllers.HomeController.BadPage(Int32 id) in C:\\Users\\edahl\\Source\\Repos\\aspnetcore-serilog-enrichers-demo\\SimpleUI\\Controllers\\HomeController.cs:line 36\r\n .....  at Microsoft.AspNetCore.Diagnostics.ExceptionHandlerMiddleware.Invoke(HttpContext context)",
"EventId":{"Id":1,"Name":"UnhandledException"},
"SourceContext":"Microsoft.AspNetCore.Diagnostics.ExceptionHandlerMiddleware",
"RequestId":"0HLI9CEFSGE0O:00000003","RequestPath":"/Home/BadPage/23","CorrelationId":null,"ConnectionId":"0HLI9CEFSGE0O"}

{"@t":"2018-11-13T12:30:08.2393997Z","@m":"An unhandled exception has occurred while executing the request.","@i":"48a46595","@l":"Error","@x":"System.Exception: Something bad happened.\r\n   at SimpleUI.Controllers.HomeController.BadPageWithQuery(Int32 id, String code) in C:\\Users\\edahl\\Source\\Repos\\aspnetcore-serilog-enrichers-demo\\SimpleUI\\Controllers\\HomeController.cs:line 42\r\n   at lambda_method(Closure , Object , Object[] )\r\n  ....   at Microsoft.AspNetCore.Diagnostics.ExceptionHandlerMiddleware.Invoke(HttpContext context)",
"EventId":{"Id":1,"Name":"UnhandledException"},
"SourceContext":"Microsoft.AspNetCore.Diagnostics.ExceptionHandlerMiddleware",
"RequestId":"0HLI9CEFSGE0N:00000005",
"RequestPath":"/Home/BadPageWithQuery","CorrelationId":null,"ConnectionId":"0HLI9CEFSGE0N"}

{"@t":"2018-11-13T12:30:19.8146888Z","@m":"Got non-success response from API 401--\"\"--\"\"--\"GET https://localhost:44389/api/Values\"","@i":"2c2aa6cc","@l":"Warning","@x":"System.Exception: API Failure","ApiStatus":401,"ApiError":"","ApiErrorId":"","ApiUrl":"GET https://localhost:44389/api/Values"}

{"@t":"2018-11-13T12:30:20.0197611Z","@m":"An unhandled exception has occurred while executing the request.","@i":"48a46595","@l":"Error","@x":"System.Exception: API Failure\r\n   at SimpleUI.Controllers.HomeController.GetWithHandlingAsync(HttpClient client, String apiRoute) in C:\\Users\\edahl\\Source\\Repos\\aspnetcore-serilog-enrichers-demo\\SimpleUI\\Controllers\\HomeController.cs:line 119\r\n   ....   at Microsoft.AspNetCore.Diagnostics.ExceptionHandlerMiddleware.Invoke(HttpContext context)",
"EventId":{"Id":1,"Name":"UnhandledException"},
"SourceContext":"Microsoft.AspNetCore.Diagnostics.ExceptionHandlerMiddleware","RequestId":"0HLI9CEFSGE0N:00000008","RequestPath":"/Home/UnauthApi","CorrelationId":null,
"ConnectionId":"0HLI9CEFSGE0N"}

{"@t":"2018-11-13T12:30:27.4941778Z","@m":"Got non-success response from API 500--\"An error occurred in our API.  Please refer to the error id below with our support team.\"--\"0HLI9CEFSETVU:00000004\"--\"GET https://localhost:44389/api/Values/123\"","@i":"2c2aa6cc","@l":"Warning","@x":"System.Exception: API Failure","ApiStatus":500,"ApiError":"An error occurred in our API.  Please refer to the error id below with our support team.","ApiErrorId":"0HLI9CEFSETVU:00000004","ApiUrl":"GET https://localhost:44389/api/Values/123"}

{"@t":"2018-11-13T12:30:27.6880166Z","@m":"An unhandled exception has occurred while executing the request.","@i":"48a46595","@l":"Error","@x":"System.Exception: API Failure\r\n   at SimpleUI.Controllers.HomeController.GetWithHandlingAsync(HttpClient client, String apiRoute) in C:\\Users\\edahl\\Source\\Repos\\aspnetcore-serilog-enrichers-demo\\SimpleUI\\Controllers\\HomeController.cs:line 119\r\n   ...   at Microsoft.AspNetCore.Diagnostics.ExceptionHandlerMiddleware.Invoke(HttpContext context)",
"EventId":{"Id":1,"Name":"UnhandledException"},
"SourceContext":"Microsoft.AspNetCore.Diagnostics.ExceptionHandlerMiddleware",
"RequestId":"0HLI9CEFSGE0O:00000008","RequestPath":"/Home/BadApi","CorrelationId":null,"ConnectionId":"0HLI9CEFSGE0O"}

