{"@t":"2018-11-16T15:04:21.0994863Z","@mt":"We got here....","HttpContext":{"IpAddress":"::1","Host":"localhost:44381","Path":"/Home/About","IsHttps":true,"Scheme":"https","Method":"GET","ContentType":null,"Protocol":"HTTP/1.1","QueryString":"","Query":{},"Headers":{"Cache-Control":"no-cache","Connection":"Keep-Alive","Pragma":"no-cache","Accept":"text/html,application/xhtml+xml,application/xml;q=0.9,image/webp,image/apng,*/*;q=0.8","Accept-Encoding":"gzip, deflate, br","Accept-Language":"en-US,en;q=0.9","Cookie":".AspNet.Consent=yes; .AspNetCore.Cookies=CfDJ8F.......kT-1zI-A","Host":"localhost:44381","User-Agent":"Mozilla/5.0 (Windows NT 10.0; Win64; x64) AppleWebKit/537.36 (KHTML, like Gecko) Chrome/70.0.3538.102 Safari/537.36","upgrade-insecure-requests":"1","MS-ASPNETCORE-TOKEN":"f6e38ead-cf73-4ba3-b729-15fee0a64412","X-Original-Proto":"http","X-Original-For":"127.0.0.1:64614"},"Cookies":{".AspNet.Consent":"yes",".AspNetCore.Cookies":"CfDJ8......NkT-1zI-A"},"Body":null,"$type":"HttpContextCache"},"UserInfo":{"Name":"Bob Smith","Claims":{"sid":"147418cff0f015f70d4f0fad1853ebeb","sub":"88421113","idp":"local","name":"Bob Smith","given_name":"Bob","family_name":"Smith","email":"BobSmith@email.com","junk":"garbage"},"$type":"UserInfo"},"ActionId":"a179d052-cedb-4453-9289-3a2f3121adf7","ActionName":"SimpleUI.Controllers.HomeController.About (SimpleUI)","RequestId":"0HLIBQIMON2I2:00000002","RequestPath":"/Home/About","CorrelationId":null,"ConnectionId":"0HLIBQIMON2I2","MachineName":"DESKTOP-AEDILCJ","Assembly":"SimpleUI","Version":"1.0.0.0"}


{"@t":"2018-11-16T15:04:34.1280631Z","@mt":"An unhandled exception has occurred while executing the request.","@l":"Error","@x":"System.Exception: Craziness!!!\r\n   at SimpleUI.Controllers.HomeController.BadPage(Int32 id) in C:\\Users\\edahl\\Source\\Repos\\aspnetcore-serilog-enrichers-demo\\SimpleUI\\Controllers\\HomeController.cs:line 36\r\n   at lambda_method(Closure , Object , Object[] )\r\n   at Microsoft.Extensions.Internal.ObjectMethodExecutor.Execute(Object target, Object[] parameters)\r\n   ..... at Microsoft.AspNetCore.Diagnostics.ExceptionHandlerMiddleware.Invoke(HttpContext context)","EventId":{"Id":1,"Name":"UnhandledException"},"SourceContext":"Microsoft.AspNetCore.Diagnostics.ExceptionHandlerMiddleware","RequestId":"0HLIBQIMON2I0:00000004","RequestPath":"/Home/BadPage/23","CorrelationId":null,"ConnectionId":"0HLIBQIMON2I0","HttpContext":{"IpAddress":"::1","Host":"localhost:44381","Path":"/Home/BadPage/23","IsHttps":true,"Scheme":"https","Method":"GET","ContentType":null,"Protocol":"HTTP/1.1","QueryString":"","Query":{},"Headers":{"Cache-Control":"no-cache","Connection":"Keep-Alive","Pragma":"no-cache","Accept":"text/html,application/xhtml+xml,application/xml;q=0.9,image/webp,image/apng,*/*;q=0.8","Accept-Encoding":"gzip, deflate, br","Accept-Language":"en-US,en;q=0.9","Cookie":".AspNet.Consent=yes; .AspNetCore.Cookies=CfDJ8......NkT-1zI-A","Host":"localhost:44381","Referer":"https://localhost:44381/Home/About","User-Agent":"Mozilla/5.0 (Windows NT 10.0; Win64; x64) AppleWebKit/537.36 (KHTML, like Gecko) Chrome/70.0.3538.102 Safari/537.36","upgrade-insecure-requests":"1","MS-ASPNETCORE-TOKEN":"f6e38ead-cf73-4ba3-b729-15fee0a64412","X-Original-Proto":"http","X-Original-For":"127.0.0.1:64613"},"Cookies":{".AspNet.Consent":"yes",".AspNetCore.Cookies":"CfDJ8......NkT-1zI-A"},"Body":null,"$type":"HttpContextCache"},"UserInfo":{"Name":"Bob Smith","Claims":{"sid":"147418cff0f015f70d4f0fad1853ebeb","sub":"88421113","idp":"local","name":"Bob Smith","given_name":"Bob","family_name":"Smith","email":"BobSmith@email.com","junk":"garbage"},"$type":"UserInfo"},"MachineName":"DESKTOP-AEDILCJ","Assembly":"SimpleUI","Version":"1.0.0.0"}


{"@t":"2018-11-16T15:04:53.4718522Z","@mt":"An unhandled exception has occurred while executing the request.","@l":"Error","@x":"System.Exception: Something bad happened.\r\n   at SimpleUI.Controllers.HomeController.BadPageWithQuery(Int32 id, String code) in C:\\Users\\edahl\\Source\\Repos\\aspnetcore-serilog-enrichers-demo\\SimpleUI\\Controllers\\HomeController.cs:line 42\r\n   at lambda_method(Closure , Object , Object[] )\r\n   at Microsoft.Extensions.Internal.ObjectMethodExecutor.Execute(Object target, Object[] parameters)\r\n   ....  at Microsoft.AspNetCore.Diagnostics.ExceptionHandlerMiddleware.Invoke(HttpContext context)","EventId":{"Id":1,"Name":"UnhandledException"},"SourceContext":"Microsoft.AspNetCore.Diagnostics.ExceptionHandlerMiddleware","RequestId":"0HLIBQIMON2I3:00000005","RequestPath":"/Home/BadPageWithQuery","CorrelationId":null,"ConnectionId":"0HLIBQIMON2I3","HttpContext":{"IpAddress":"::1","Host":"localhost:44381","Path":"/Home/BadPageWithQuery","IsHttps":true,"Scheme":"https","Method":"GET","ContentType":null,"Protocol":"HTTP/1.1","QueryString":"?id=879&code=abc","Query":{"id":"879","code":"abc"},"Headers":{"Cache-Control":"no-cache","Connection":"Keep-Alive","Pragma":"no-cache","Accept":"text/html,application/xhtml+xml,application/xml;q=0.9,image/webp,image/apng,*/*;q=0.8","Accept-Encoding":"gzip, deflate, br","Accept-Language":"en-US,en;q=0.9","Cookie":".AspNet.Consent=yes; .AspNetCore.Cookies=CfDJ8......NkT-1zI-A","Host":"localhost:44381","Referer":"https://localhost:44381/Home/BadPage/23","User-Agent":"Mozilla/5.0 (Windows NT 10.0; Win64; x64) AppleWebKit/537.36 (KHTML, like Gecko) Chrome/70.0.3538.102 Safari/537.36","upgrade-insecure-requests":"1","MS-ASPNETCORE-TOKEN":"f6e38ead-cf73-4ba3-b729-15fee0a64412","X-Original-Proto":"http","X-Original-For":"127.0.0.1:64615"},"Cookies":{".AspNet.Consent":"yes",".AspNetCore.Cookies":"CfDJ8......NkT-1zI-A"},"Body":null,"$type":"HttpContextCache"},"UserInfo":{"Name":"Bob Smith","Claims":{"sid":"147418cff0f015f70d4f0fad1853ebeb","sub":"88421113","idp":"local","name":"Bob Smith","given_name":"Bob","family_name":"Smith","email":"BobSmith@email.com","junk":"garbage"},"$type":"UserInfo"},"MachineName":"DESKTOP-AEDILCJ","Assembly":"SimpleUI","Version":"1.0.0.0"}


{"@t":"2018-11-16T15:05:08.9659058Z","@mt":"Got non-success response from API {ApiStatus}--{ApiError}--{ApiErrorId}--{ApiUrl}","@l":"Warning","@x":"System.Exception: API Failure","ApiStatus":401,"ApiError":"","ApiErrorId":"","ApiUrl":"GET https://localhost:44389/api/Values","HttpContext":{"IpAddress":"::1","Host":"localhost:44381","Path":"/Home/UnauthApi","IsHttps":true,"Scheme":"https","Method":"GET","ContentType":null,"Protocol":"HTTP/1.1","QueryString":"","Query":{},"Headers":{"Cache-Control":"no-cache","Connection":"Keep-Alive","Pragma":"no-cache","Accept":"text/html,application/xhtml+xml,application/xml;q=0.9,image/webp,image/apng,*/*;q=0.8","Accept-Encoding":"gzip, deflate, br","Accept-Language":"en-US,en;q=0.9","Cookie":".AspNet.Consent=yes; .AspNetCore.Cookies=CfDJ8......NkT-1zI-A","Host":"localhost:44381","Referer":"https://localhost:44381/Home/GoodApi","User-Agent":"Mozilla/5.0 (Windows NT 10.0; Win64; x64) AppleWebKit/537.36 (KHTML, like Gecko) Chrome/70.0.3538.102 Safari/537.36","upgrade-insecure-requests":"1","MS-ASPNETCORE-TOKEN":"f6e38ead-cf73-4ba3-b729-15fee0a64412","X-Original-Proto":"http","X-Original-For":"127.0.0.1:64615"},"Cookies":{".AspNet.Consent":"yes",".AspNetCore.Cookies":"CfDJ8......NkT-1zI-A"},"Body":null,"$type":"HttpContextCache"},"UserInfo":{"Name":"Bob Smith","Claims":{"sid":"147418cff0f015f70d4f0fad1853ebeb","sub":"88421113","idp":"local","name":"Bob Smith","given_name":"Bob","family_name":"Smith","email":"BobSmith@email.com","junk":"garbage"},"$type":"UserInfo"},"ActionId":"349029bc-72dd-4a66-99ee-cc1c0dd48332","ActionName":"SimpleUI.Controllers.HomeController.UnauthApi (SimpleUI)","RequestId":"0HLIBQIMON2I3:00000008","RequestPath":"/Home/UnauthApi","CorrelationId":null,"ConnectionId":"0HLIBQIMON2I3","MachineName":"DESKTOP-AEDILCJ","Assembly":"SimpleUI","Version":"1.0.0.0"}


{"@t":"2018-11-16T15:05:09.2791679Z","@mt":"An unhandled exception has occurred while executing the request.","@l":"Error","@x":"System.Exception: API Failure\r\n   at SimpleUI.Controllers.HomeController.GetWithHandlingAsync(HttpClient client, String apiRoute) in C:\\Users\\edahl\\Source\\Repos\\aspnetcore-serilog-enrichers-demo\\SimpleUI\\Controllers\\HomeController.cs:line 119\r\n   at SimpleUI.Controllers.HomeController.UnauthApi() in C:\\Users\\edahl\\Source\\Repos\\aspnetcore-serilog-enrichers-demo\\SimpleUI\\Controllers\\HomeController.cs:line 64\r\n   ....  at Microsoft.AspNetCore.Diagnostics.ExceptionHandlerMiddleware.Invoke(HttpContext context)","EventId":{"Id":1,"Name":"UnhandledException"},"SourceContext":"Microsoft.AspNetCore.Diagnostics.ExceptionHandlerMiddleware","RequestId":"0HLIBQIMON2I3:00000008","RequestPath":"/Home/UnauthApi","CorrelationId":null,"ConnectionId":"0HLIBQIMON2I3","HttpContext":{"IpAddress":"::1","Host":"localhost:44381","Path":"/Home/UnauthApi","IsHttps":true,"Scheme":"https","Method":"GET","ContentType":null,"Protocol":"HTTP/1.1","QueryString":"","Query":{},"Headers":{"Cache-Control":"no-cache","Connection":"Keep-Alive","Pragma":"no-cache","Accept":"text/html,application/xhtml+xml,application/xml;q=0.9,image/webp,image/apng,*/*;q=0.8","Accept-Encoding":"gzip, deflate, br","Accept-Language":"en-US,en;q=0.9","Cookie":".AspNet.Consent=yes; .AspNetCore.Cookies=CfDJ8......NkT-1zI-A","Host":"localhost:44381","Referer":"https://localhost:44381/Home/GoodApi","User-Agent":"Mozilla/5.0 (Windows NT 10.0; Win64; x64) AppleWebKit/537.36 (KHTML, like Gecko) Chrome/70.0.3538.102 Safari/537.36","upgrade-insecure-requests":"1","MS-ASPNETCORE-TOKEN":"f6e38ead-cf73-4ba3-b729-15fee0a64412","X-Original-Proto":"http","X-Original-For":"127.0.0.1:64615"},"Cookies":{".AspNet.Consent":"yes",".AspNetCore.Cookies":"CfDJ8......NkT-1zI-A"},"Body":null,"$type":"HttpContextCache"},"UserInfo":{"Name":"Bob Smith","Claims":{"sid":"147418cff0f015f70d4f0fad1853ebeb","sub":"88421113","idp":"local","name":"Bob Smith","given_name":"Bob","family_name":"Smith","email":"BobSmith@email.com","junk":"garbage"},"$type":"UserInfo"},"MachineName":"DESKTOP-AEDILCJ","Assembly":"SimpleUI","Version":"1.0.0.0"}


{"@t":"2018-11-16T15:05:13.6655603Z","@mt":"Got non-success response from API {ApiStatus}--{ApiError}--{ApiErrorId}--{ApiUrl}","@l":"Warning","@x":"System.Exception: API Failure","ApiStatus":500,"ApiError":"An error occurred in our API.  Please refer to the error id below with our support team.","ApiErrorId":"0HLIBQHJH1BA5:00000003","ApiUrl":"GET https://localhost:44389/api/Values/123","HttpContext":{"IpAddress":"::1","Host":"localhost:44381","Path":"/Home/BadApi","IsHttps":true,"Scheme":"https","Method":"GET","ContentType":null,"Protocol":"HTTP/1.1","QueryString":"","Query":{},"Headers":{"Cache-Control":"no-cache","Connection":"Keep-Alive","Pragma":"no-cache","Accept":"text/html,application/xhtml+xml,application/xml;q=0.9,image/webp,image/apng,*/*;q=0.8","Accept-Encoding":"gzip, deflate, br","Accept-Language":"en-US,en;q=0.9","Cookie":".AspNet.Consent=yes; .AspNetCore.Cookies=CfDJ8......NkT-1zI-A","Host":"localhost:44381","Referer":"https://localhost:44381/Home/UnauthApi","User-Agent":"Mozilla/5.0 (Windows NT 10.0; Win64; x64) AppleWebKit/537.36 (KHTML, like Gecko) Chrome/70.0.3538.102 Safari/537.36","upgrade-insecure-requests":"1","MS-ASPNETCORE-TOKEN":"f6e38ead-cf73-4ba3-b729-15fee0a64412","X-Original-Proto":"http","X-Original-For":"127.0.0.1:64612"},"Cookies":{".AspNet.Consent":"yes",".AspNetCore.Cookies":"CfDJ8......NkT-1zI-A"},"Body":null,"$type":"HttpContextCache"},"UserInfo":{"Name":"Bob Smith","Claims":{"sid":"147418cff0f015f70d4f0fad1853ebeb","sub":"88421113","idp":"local","name":"Bob Smith","given_name":"Bob","family_name":"Smith","email":"BobSmith@email.com","junk":"garbage"},"$type":"UserInfo"},"ActionId":"56513d53-15c5-42fd-863a-f94b5e4b0fc7","ActionName":"SimpleUI.Controllers.HomeController.BadApi (SimpleUI)","RequestId":"0HLIBQIMON2I1:00000009","RequestPath":"/Home/BadApi","CorrelationId":null,"ConnectionId":"0HLIBQIMON2I1","MachineName":"DESKTOP-AEDILCJ","Assembly":"SimpleUI","Version":"1.0.0.0"}


{"@t":"2018-11-16T15:05:13.8796406Z","@mt":"An unhandled exception has occurred while executing the request.","@l":"Error","@x":"System.Exception: API Failure\r\n   at SimpleUI.Controllers.HomeController.GetWithHandlingAsync(HttpClient client, String apiRoute) in C:\\Users\\edahl\\Source\\Repos\\aspnetcore-serilog-enrichers-demo\\SimpleUI\\Controllers\\HomeController.cs:line 119\r\n   at SimpleUI.Controllers.HomeController.BadApi() in C:\\Users\\edahl\\Source\\Repos\\aspnetcore-serilog-enrichers-demo\\SimpleUI\\Controllers\\HomeController.cs:line 76\r\n  ....   at Microsoft.AspNetCore.Diagnostics.ExceptionHandlerMiddleware.Invoke(HttpContext context)","EventId":{"Id":1,"Name":"UnhandledException"},"SourceContext":"Microsoft.AspNetCore.Diagnostics.ExceptionHandlerMiddleware","RequestId":"0HLIBQIMON2I1:00000009","RequestPath":"/Home/BadApi","CorrelationId":null,"ConnectionId":"0HLIBQIMON2I1","HttpContext":{"IpAddress":"::1","Host":"localhost:44381","Path":"/Home/BadApi","IsHttps":true,"Scheme":"https","Method":"GET","ContentType":null,"Protocol":"HTTP/1.1","QueryString":"","Query":{},"Headers":{"Cache-Control":"no-cache","Connection":"Keep-Alive","Pragma":"no-cache","Accept":"text/html,application/xhtml+xml,application/xml;q=0.9,image/webp,image/apng,*/*;q=0.8","Accept-Encoding":"gzip, deflate, br","Accept-Language":"en-US,en;q=0.9","Cookie":".AspNet.Consent=yes; .AspNetCore.Cookies=CfDJ8......NkT-1zI-A","Host":"localhost:44381","Referer":"https://localhost:44381/Home/UnauthApi","User-Agent":"Mozilla/5.0 (Windows NT 10.0; Win64; x64) AppleWebKit/537.36 (KHTML, like Gecko) Chrome/70.0.3538.102 Safari/537.36","upgrade-insecure-requests":"1","MS-ASPNETCORE-TOKEN":"f6e38ead-cf73-4ba3-b729-15fee0a64412","X-Original-Proto":"http","X-Original-For":"127.0.0.1:64612"},"Cookies":{".AspNet.Consent":"yes",".AspNetCore.Cookies":"CfDJ8......NkT-1zI-A"},"Body":null,"$type":"HttpContextCache"},"UserInfo":{"Name":"Bob Smith","Claims":{"sid":"147418cff0f015f70d4f0fad1853ebeb","sub":"88421113","idp":"local","name":"Bob Smith","given_name":"Bob","family_name":"Smith","email":"BobSmith@email.com","junk":"garbage"},"$type":"UserInfo"},"MachineName":"DESKTOP-AEDILCJ","Assembly":"SimpleUI","Version":"1.0.0.0"}
