{"@t":"2018-11-14T11:49:26.2194427Z","@m":"Starting web host","@i":"4872fd06","MachineName":"DESKTOP-AEDILCJ","Assembly":"SimpleApi","Version":"1.0.0.0"}

{"@t":"2018-11-14T11:49:33.3345812Z","@m":"AuthenticationScheme: \"Bearer\" was challenged.","@i":"d45f1f38","AuthenticationScheme":"Bearer","EventId":{"Id":12},"SourceContext":"IdentityServer4.AccessTokenValidation.IdentityServerAuthenticationHandler","ActionId":"1998450c-58df-4038-a663-506709438b23","ActionName":"SimpleApi.Controllers.ValuesController.Get (SimpleApi)","RequestId":"0HLIA4SV13TE3:00000001","RequestPath":"/api/values","CorrelationId":null,"ConnectionId":"0HLIA4SV13TE3","MachineName":"DESKTOP-AEDILCJ","Assembly":"SimpleApi","Version":"1.0.0.0"}

{"@t":"2018-11-14T11:50:19.1908986Z","@m":"\"Bearer\" was not authenticated. Failure message: \"IDX10214: Audience validation failed. Audiences: 'server.hybrid'. Did not match: validationParameters.ValidAudience: 'api' or validationParameters.ValidAudiences: 'null'.\"","@i":"48071232","AuthenticationScheme":"Bearer","FailureMessage":"IDX10214: Audience validation failed. Audiences: 'server.hybrid'. Did not match: validationParameters.ValidAudience: 'api' or validationParameters.ValidAudiences: 'null'.","EventId":{"Id":7},"SourceContext":"IdentityServer4.AccessTokenValidation.IdentityServerAuthenticationHandler","RequestId":"0HLIA4SV13TE3:00000002","RequestPath":"/api/Values","CorrelationId":null,"ConnectionId":"0HLIA4SV13TE3","MachineName":"DESKTOP-AEDILCJ","Assembly":"SimpleApi","Version":"1.0.0.0"}

{"@t":"2018-11-14T11:50:19.1917475Z","@m":"AuthenticationScheme: \"Bearer\" was challenged.","@i":"d45f1f38","AuthenticationScheme":"Bearer","EventId":{"Id":12},"SourceContext":"IdentityServer4.AccessTokenValidation.IdentityServerAuthenticationHandler","ActionId":"1998450c-58df-4038-a663-506709438b23","ActionName":"SimpleApi.Controllers.ValuesController.Get (SimpleApi)","RequestId":"0HLIA4SV13TE3:00000002","RequestPath":"/api/Values","CorrelationId":null,"ConnectionId":"0HLIA4SV13TE3","MachineName":"DESKTOP-AEDILCJ","Assembly":"SimpleApi","Version":"1.0.0.0"}

{"@t":"2018-11-14T11:50:23.4851141Z","@m":"This message should NOT be seen by the caller!!","@i":"7405c49a","@l":"Error","@x":"System.Exception: This message should NOT be seen by the caller!!\r\n   at SimpleApi.Controllers.ValuesController.Get(Int32 id) in C:\\Users\\edahl\\Source\\Repos\\aspnetcore-serilog-enrichers-demo\\SimpleApi\\Controllers\\ValuesController.cs:line 24\r\n   at lambda_method(Closure , Object , Object[] )\r\n   ...   at SimpleApi.CustomErrorMiddleware.Invoke(HttpContext context) in C:\\Users\\edahl\\Source\\Repos\\aspnetcore-serilog-enrichers-demo\\SimpleApi\\CustomErrorMiddleware.cs:line 23","RequestId":"0HLIA4SV13TE4:00000003","RequestPath":"/api/Values/123","CorrelationId":null,"ConnectionId":"0HLIA4SV13TE4","MachineName":"DESKTOP-AEDILCJ","Assembly":"SimpleApi","Version":"1.0.0.0"}
