{"@t":"2018-11-14T11:49:36.6160197Z","@m":"Starting web host","@i":"4872fd06","MachineName":"DESKTOP-AEDILCJ","Assembly":"SimpleUI","Version":"1.0.0.0"}

{"@t":"2018-11-14T11:50:00.4431045Z","@m":"We got here....","@i":"82df1861","ActionId":"36542842-f917-4a4d-9218-2cdfc4a2c94e","ActionName":"SimpleUI.Controllers.HomeController.About (SimpleUI)","RequestId":"0HLIA4T20CJV7:00000002","RequestPath":"/Home/About","CorrelationId":null,"ConnectionId":"0HLIA4T20CJV7","MachineName":"DESKTOP-AEDILCJ","Assembly":"SimpleUI","Version":"1.0.0.0"}

{"@t":"2018-11-14T11:50:06.7438870Z","@m":"An unhandled exception has occurred while executing the request.","@i":"48a46595","@l":"Error","@x":"System.Exception: Craziness!!!\r\n   at SimpleUI.Controllers.HomeController.BadPage(Int32 id) in C:\\Users\\edahl\\Source\\Repos\\aspnetcore-serilog-enrichers-demo\\SimpleUI\\Controllers\\HomeController.cs:line 36\r\n   ...   at Microsoft.AspNetCore.Diagnostics.ExceptionHandlerMiddleware.Invoke(HttpContext context)","EventId":{"Id":1,"Name":"UnhandledException"},
"SourceContext":"Microsoft.AspNetCore.Diagnostics.ExceptionHandlerMiddleware",
"RequestId":"0HLIA4T20CJV4:00000004","RequestPath":"/Home/BadPage/23","CorrelationId":null,"ConnectionId":"0HLIA4T20CJV4","MachineName":"DESKTOP-AEDILCJ","Assembly":"SimpleUI","Version":"1.0.0.0"}

{"@t":"2018-11-14T11:50:11.3764626Z","@m":"An unhandled exception has occurred while executing the request.","@i":"48a46595","@l":"Error","@x":"System.Exception: Something bad happened.\r\n   at SimpleUI.Controllers.HomeController.BadPageWithQuery(Int32 id, String code) in C:\\Users\\edahl\\Source\\Repos\\aspnetcore-serilog-enrichers-demo\\SimpleUI\\Controllers\\HomeController.cs:line 42\r\n   ...   at Microsoft.AspNetCore.Diagnostics.ExceptionHandlerMiddleware.Invoke(HttpContext context)","EventId":{"Id":1,"Name":"UnhandledException"},
"SourceContext":"Microsoft.AspNetCore.Diagnostics.ExceptionHandlerMiddleware","RequestId":"0HLIA4T20CJV4:00000006","RequestPath":"/Home/BadPageWithQuery","CorrelationId":null,"ConnectionId":"0HLIA4T20CJV4","MachineName":"DESKTOP-AEDILCJ","Assembly":"SimpleUI","Version":"1.0.0.0"}

{"@t":"2018-11-14T11:50:19.2051513Z","@m":"Got non-success response from API 401--\"\"--\"\"--\"GET https://localhost:44389/api/Values\"","@i":"2c2aa6cc","@l":"Warning","@x":"System.Exception: API Failure","ApiStatus":401,"ApiError":"","ApiErrorId":"","ApiUrl":"GET https://localhost:44389/api/Values","ActionId":"dde1c4a1-3688-4701-bf56-4757f1c9c4e2","ActionName":"SimpleUI.Controllers.HomeController.UnauthApi (SimpleUI)",
"RequestId":"0HLIA4T20CJV6:00000008","RequestPath":"/Home/UnauthApi","CorrelationId":null,"ConnectionId":"0HLIA4T20CJV6","MachineName":"DESKTOP-AEDILCJ","Assembly":"SimpleUI","Version":"1.0.0.0"}

{"@t":"2018-11-14T11:50:19.4413394Z","@m":"An unhandled exception has occurred while executing the request.","@i":"48a46595","@l":"Error","@x":"System.Exception: API Failure\r\n   at SimpleUI.Controllers.HomeController.GetWithHandlingAsync(HttpClient client, String apiRoute) in C:\\Users\\edahl\\Source\\Repos\\aspnetcore-serilog-enrichers-demo\\SimpleUI\\Controllers\\HomeController.cs:line 119\r\n   at SimpleUI.Controllers.HomeController.UnauthApi() in C:\\Users\\edahl\\Source\\Repos\\aspnetcore-serilog-enrichers-demo\\SimpleUI\\Controllers\\HomeController.cs:line 64\r\n   ...   at Microsoft.AspNetCore.Diagnostics.ExceptionHandlerMiddleware.Invoke(HttpContext context)",
"EventId":{"Id":1,"Name":"UnhandledException"},
"SourceContext":"Microsoft.AspNetCore.Diagnostics.ExceptionHandlerMiddleware",
"RequestId":"0HLIA4T20CJV6:00000008","RequestPath":"/Home/UnauthApi","CorrelationId":null,"ConnectionId":"0HLIA4T20CJV6","MachineName":"DESKTOP-AEDILCJ","Assembly":"SimpleUI","Version":"1.0.0.0"}

{"@t":"2018-11-14T11:50:23.5000820Z","@m":"Got non-success response from API 500--\"An error occurred in our API.  Please refer to the error id below with our support team.\"--\"0HLIA4SV13TE4:00000003\"--\"GET https://localhost:44389/api/Values/123\"","@i":"2c2aa6cc","@l":"Warning","@x":"System.Exception: API Failure","ApiStatus":500,"ApiError":"An error occurred in our API.  Please refer to the error id below with our support team.","ApiErrorId":"0HLIA4SV13TE4:00000003","ApiUrl":"GET https://localhost:44389/api/Values/123","ActionId":"77deb1a3-450d-4dbd-937b-1f159e93a8ab","ActionName":"SimpleUI.Controllers.HomeController.BadApi (SimpleUI)","RequestId":"0HLIA4T20CJV6:0000000A","RequestPath":"/Home/BadApi","CorrelationId":null,"ConnectionId":"0HLIA4T20CJV6","MachineName":"DESKTOP-AEDILCJ","Assembly":"SimpleUI","Version":"1.0.0.0"}

{"@t":"2018-11-14T11:50:23.6699811Z","@m":"An unhandled exception has occurred while executing the request.","@i":"48a46595","@l":"Error","@x":"System.Exception: API Failure\r\n   at SimpleUI.Controllers.HomeController.GetWithHandlingAsync(HttpClient client, String apiRoute) in C:\\Users\\edahl\\Source\\Repos\\aspnetcore-serilog-enrichers-demo\\SimpleUI\\Controllers\\HomeController.cs:line 119\r\n   at SimpleUI.Controllers.HomeController.BadApi() in C:\\Users\\edahl\\Source\\Repos\\aspnetcore-serilog-enrichers-demo\\SimpleUI\\Controllers\\HomeController.cs:line 76\r\n   ...  at Microsoft.AspNetCore.Diagnostics.ExceptionHandlerMiddleware.Invoke(HttpContext context)",
"EventId":{"Id":1,"Name":"UnhandledException"},
"SourceContext":"Microsoft.AspNetCore.Diagnostics.ExceptionHandlerMiddleware",
"RequestId":"0HLIA4T20CJV6:0000000A","RequestPath":"/Home/BadApi","CorrelationId":null,"ConnectionId":"0HLIA4T20CJV6","MachineName":"DESKTOP-AEDILCJ","Assembly":"SimpleUI","Version":"1.0.0.0"}
