{"@t":"2018-11-16T18:16:22.7510475Z","@mt":"An unhandled exception has occurred while executing the request.","@l":"Error","@x":"System.Exception: API Failure\r\n   at SimpleUI.Controllers.HomeController.GetWithHandlingAsync(HttpClient client, String apiRoute) in C:\\Users\\edahl\\Source\\Repos\\aspnetcore-serilog-enrichers-demo\\SimpleUI\\Controllers\\HomeController.cs:line 126\r\n   at SimpleUI.Controllers.HomeController.UnauthApi() in C:\\Users\\edahl\\Source\\Repos\\aspnetcore-serilog-enrichers-demo\\SimpleUI\\Controllers\\HomeController.cs:line 64\r\n   ...   at Microsoft.AspNetCore.Diagnostics.ExceptionHandlerMiddleware.Invoke(HttpContext context)","EventId":{"Id":1,"Name":"UnhandledException"},"SourceContext":"Microsoft.AspNetCore.Diagnostics.ExceptionHandlerMiddleware","RequestId":"0HLIBTU75JHCB:00000002","RequestPath":"/Home/UnauthApi","CorrelationId":null,"ConnectionId":"0HLIBTU75JHCB","HttpContext":{"IpAddress":"::1","Host":"localhost:44381","Path":"/Home/UnauthApi","IsHttps":true,"Scheme":"https","Method":"GET","ContentType":null,"Protocol":"HTTP/1.1","QueryString":"","Query":{},"Headers":{"Cache-Control":"no-cache","Connection":"Keep-Alive","Pragma":"no-cache","Accept":"text/html,application/xhtml+xml,application/xml;q=0.9,image/webp,image/apng,*/*;q=0.8","Accept-Encoding":"gzip, deflate, br","Accept-Language":"en-US,en;q=0.9","Cookie":".AspNet.Consent=yes; .AspNetCore.Cookies=CfDJ8F....S-25F9K1y6o","Host":"localhost:44381","User-Agent":"Mozilla/5.0 (Windows NT 10.0; Win64; x64) AppleWebKit/537.36 (KHTML, like Gecko) Chrome/70.0.3538.102 Safari/537.36","upgrade-insecure-requests":"1","MS-ASPNETCORE-TOKEN":"e77c1125-0319-4825-aec1-3e769c7a6a0a","X-Original-Proto":"http","X-Original-For":"127.0.0.1:51990"},"Cookies":{".AspNet.Consent":"yes",".AspNetCore.Cookies":"CfDJ8F.....8S-25F9K1y6o"},"Body":null,"$type":"HttpContextCache"},"UserInfo":{"Name":"Bob Smith","Claims":{"sid (0)":"d65f7fa6c90efc7aad154ac541f64116","sub (1)":"88421113","idp (2)":"local","name (3)":"Bob Smith","given_name (4)":"Bob","family_name (5)":"Smith","email (6)":"BobSmith@email.com","junk (7)":"garbage"},"$type":"UserInfo"},"ExceptionDetail":{"Type":"System.Exception","Data":{"API Route":"GET https://localhost:44389/api/Values","API Status":401},"HResult":-2146233088,"Message":"API Failure","Source":"SimpleUI"},"MachineName":"DESKTOP-AEDILCJ","Assembly":"SimpleUI","Version":"1.0.0.0"}


{"@t":"2018-11-16T18:16:31.0637522Z","@mt":"An unhandled exception has occurred while executing the request.","@l":"Error","@x":"System.Exception: API Failure\r\n   at SimpleUI.Controllers.HomeController.GetWithHandlingAsync(HttpClient client, String apiRoute) in C:\\Users\\edahl\\Source\\Repos\\aspnetcore-serilog-enrichers-demo\\SimpleUI\\Controllers\\HomeController.cs:line 126\r\n   .....  at Microsoft.AspNetCore.Diagnostics.ExceptionHandlerMiddleware.Invoke(HttpContext context)","EventId":{"Id":1,"Name":"UnhandledException"},"SourceContext":"Microsoft.AspNetCore.Diagnostics.ExceptionHandlerMiddleware","RequestId":"0HLIBTU75JHC9:00000004","RequestPath":"/Home/BadApi","CorrelationId":null,"ConnectionId":"0HLIBTU75JHC9","HttpContext":{"IpAddress":"::1","Host":"localhost:44381","Path":"/Home/BadApi","IsHttps":true,"Scheme":"https","Method":"GET","ContentType":null,"Protocol":"HTTP/1.1","QueryString":"","Query":{},"Headers":{"Cache-Control":"no-cache","Connection":"Keep-Alive","Pragma":"no-cache","Accept":"text/html,application/xhtml+xml,application/xml;q=0.9,image/webp,image/apng,*/*;q=0.8","Accept-Encoding":"gzip, deflate, br","Accept-Language":"en-US,en;q=0.9","Cookie":".AspNet.Consent=yes; .AspNetCore.Cookies=CfDJ8Ftb...8S-25F9K1y6o","Host":"localhost:44381","Referer":"https://localhost:44381/Home/UnauthApi","User-Agent":"Mozilla/5.0 (Windows NT 10.0; Win64; x64) AppleWebKit/537.36 (KHTML, like Gecko) Chrome/70.0.3538.102 Safari/537.36","upgrade-insecure-requests":"1","MS-ASPNETCORE-TOKEN":"e77c1125-0319-4825-aec1-3e769c7a6a0a","X-Original-Proto":"http","X-Original-For":"127.0.0.1:51989"},"Cookies":{".AspNet.Consent":"yes",".AspNetCore.Cookies":"CfDJ8Ftb....8S-25F9K1y6o"},"Body":null,"$type":"HttpContextCache"},"UserInfo":{"Name":"Bob Smith","Claims":{"sid (0)":"d65f7fa6c90efc7aad154ac541f64116","sub (1)":"88421113","idp (2)":"local","name (3)":"Bob Smith","given_name (4)":"Bob","family_name (5)":"Smith","email (6)":"BobSmith@email.com","junk (7)":"garbage"},"$type":"UserInfo"},"ExceptionDetail":{"Type":"System.Exception","Data":{"API Route":"GET https://localhost:44389/api/Values/123","API Status":500,"API Error":"An error occurred in our API.  Please refer to the error id below with our support team.","API ErrorId":"0HLIBTU6F3H0M:00000002"},"HResult":-2146233088,"Message":"API Failure","Source":"SimpleUI"},"MachineName":"DESKTOP-AEDILCJ","Assembly":"SimpleUI","Version":"1.0.0.0"}
