{"@t":"2018-11-13T12:29:03.8243166Z","@m":"Starting web host","@i":"4872fd06"}

{"@t":"2018-11-13T12:29:16.7045190Z","@m":"AuthenticationScheme: \"Bearer\" was challenged.","@i":"d45f1f38","AuthenticationScheme":"Bearer","EventId":{"Id":12},"SourceContext":"IdentityServer4.AccessTokenValidation.IdentityServerAuthenticationHandler","ActionId":"2a0e8379-b862-421c-9c0f-1b6aa57cc25b","ActionName":"SimpleApi.Controllers.ValuesController.Get (SimpleApi)",
"RequestId":"0HLI9CEFSETVT:00000001","RequestPath":"/api/values","CorrelationId":null,"ConnectionId":"0HLI9CEFSETVT"}

{"@t":"2018-11-13T12:30:19.7997523Z","@m":"\"Bearer\" was not authenticated. Failure message: \"IDX10214: Audience validation failed. Audiences: 'server.hybrid'. Did not match: validationParameters.ValidAudience: 'api' or validationParameters.ValidAudiences: 'null'.\"","@i":"48071232","AuthenticationScheme":"Bearer","FailureMessage":"IDX10214: Audience validation failed. Audiences: 'server.hybrid'. Did not match: validationParameters.ValidAudience: 'api' or validationParameters.ValidAudiences: 'null'.",
"EventId":{"Id":7},
"SourceContext":"IdentityServer4.AccessTokenValidation.IdentityServerAuthenticationHandler","RequestId":"0HLI9CEFSETVU:00000003","RequestPath":"/api/Values","CorrelationId":null,"ConnectionId":"0HLI9CEFSETVU"}

{"@t":"2018-11-13T12:30:19.8013703Z","@m":"AuthenticationScheme: \"Bearer\" was challenged.","@i":"d45f1f38","AuthenticationScheme":"Bearer","EventId":{"Id":12},"SourceContext":"IdentityServer4.AccessTokenValidation.IdentityServerAuthenticationHandler","ActionId":"2a0e8379-b862-421c-9c0f-1b6aa57cc25b","ActionName":"SimpleApi.Controllers.ValuesController.Get (SimpleApi)","RequestId":"0HLI9CEFSETVU:00000003","RequestPath":"/api/Values","CorrelationId":null,"ConnectionId":"0HLI9CEFSETVU"}

{"@t":"2018-11-13T12:30:27.4811553Z","@m":"This message should NOT be seen by the caller!!","@i":"7405c49a","@l":"Error","@x":"System.Exception: This message should NOT be seen by the caller!!\r\n   at SimpleApi.Controllers.ValuesController.Get(Int32 id) in C:\\Users\\edahl\\Source\\Repos\\aspnetcore-serilog-enrichers-demo\\SimpleApi\\Controllers\\ValuesController.cs:line 24\r\n   ...  at SimpleApi.CustomErrorMiddleware.Invoke(HttpContext context) in C:\\Users\\edahl\\Source\\Repos\\aspnetcore-serilog-enrichers-demo\\SimpleApi\\CustomErrorMiddleware.cs:line 23"}

